{"count":1,"self":96.48518399999999,"total":96.5612843,"children":{"AgentResetIfDone":{"count":4827,"self":0.014511699999999999,"total":0.014511699999999999,"children":null},"AgentSendState":{"count":4827,"self":0.005882,"total":0.0350511,"children":{"CollectObservations":{"count":966,"self":0.0291691,"total":0.0291691,"children":null}}},"DecideAction":{"count":4827,"self":0.0118058,"total":0.0118058,"children":null},"AcademyStep":{"count":4827,"self":0.0024965,"total":0.0024965,"children":null},"AgentAct":{"count":4827,"self":0.0102331,"total":0.0102331,"children":null}}}