{"count":1,"self":29.6259904,"total":29.875620899999998,"children":{"AgentResetIfDone":{"count":1331,"self":0.0048836,"total":0.0048836,"children":null},"AgentSendState":{"count":1331,"self":0.0019993,"total":0.1574141,"children":{"CollectObservations":{"count":267,"self":0.1554148,"total":0.1554148,"children":null}}},"DecideAction":{"count":1331,"self":0.0163491,"total":0.0163491,"children":null},"AcademyStep":{"count":1331,"self":0.0018794999999999999,"total":0.0018794999999999999,"children":null},"AgentAct":{"count":1331,"self":0.0681102,"total":0.0681102,"children":null}}}